1284,수도요금경쟁D2,Attack,X,O,O,O
2072,홀수만더하기,D1,X,O,O,O
2071,평균값구하기,D1,X,O,O,O
2070,"큰놈,작은놈,같은놈",D1,X,O,O,O
2068,최대수구하기,D1,X,O,O,O
2063,중간값찾기,D1,X,O,O,O
2058,자릿수더하기,D1,X,O,O,O
2056,연월일달력,D1,X,O,O,O
2050,알파벳을숫자로변환,D1,X,O,O,O
2047,신문헤드라인,D1,X,O,O,O
2046,스탬프찍기,D1,X,O,O,O
2043,서랍의비밀번호,D1,X,O,O,O
2029,몫과나머지출력하기,D1,X,O,O,O
2027,대각선출력하기,D1,X,O,O,O
2025,N줄덧셈,D1,X,O,O,O
1938,아주간단한계산기,D1,X,O,O,O
1933,간단한N의약수,D1,X,O,O,O
1936,1대1가위바위보,D1,X,O,O,O
2019,더블더블,D1,X,O,O,O
1545,거꾸로출력해보아요,D1,X,O,O,O
1859,백만장자프로젝트,D2,X,O,O,O
1926,간단한369게임,D2,X,O,O,O
2007,패턴마디의길이,D2,X,O,O,O
2005,파스칼의삼각형,D2,X,O,O,O
2001,파리퇴치,D2,X,O,O,O
1989,초심자의회문검사,D2,X,O,O,O
1986,지그재그숫자,D2,X,O,O,O
1984,중간평균값구하기,D2,X,O,O,O
1983,조교의성적매기기,D2,X,O,O,O
1979,어디에단어가들어갈수있을까,D2,X,O,O,O
1976,시각덧셈,D2,X,O,O,O
1974,스도쿠검증,D2,X,O,O,O
1970,쉬운거스름돈,D2,X,O,O,O
1966,숫자를정렬하자,D2,X,O,O,O
1961,숫자배열회전,D2,X,O,O,O
1959,두개의숫자열,D2,X,O,O,O
1954,달팽이숫자,D2,X,O,O,O
1948,날짜계산기,D2,X,O,O,O
1946,간단한압축풀기,D2,X,O,O,O
1945,간단한소인수분해,D2,X,O,O,O
1940,가랏!RC카!,D2,X,O,O,O
1928,Base64Decoder,D2,X,O,O,O
1288,새로운불면증치료법,D2,X,O,O,O
1285,아름이의돌던지기,D2,X,O,X,X
1204,[S/W문제해결기본]1일차-최빈수구하기,D2,O,O,O,O
8016,홀수피라미드,D3,O,O,O,X
7985,RootedBinaryTree재구성,D3,O,O,O,X
7964,부먹왕국의차원관문,D3,O,O,O,X
7853,오타,D3,O,O,O,X
7732,시간개념,D3,O,O,O,X
7728,다양성측정,D3,O,O,O,X
7675,통역사성경이,D3,O,O,O,O
7584,자가복제문자열,D3,O,O,O,X
7532,세영이의SEM력연도,D3,O,O,O,X
7510,상원이의연속합,D3,O,O,O,X
7272,안경이없어!,D3,O,O,O,X
7227,사랑의카운슬러,D3,O,O,O,X
7193,승현이의수학공부,D3,O,O,O,X
7102,준홍이의카드놀이,D3,O,O,O,X
7087,문제제목붙이기,D3,O,O,O,X
6913,동철이의프로그래밍대회,D3,O,O,O,X
6958,동철이의프로그래밍대회,D3,O,O,O,X
6900,주혁이의복권당첨,D3,O,O,O,X
6853,직사각형과점,D3,O,O,O,X
6808,규영이와인영이의카드게임,D3,O,O,O,X
6781,삼삼트리플게임,D3,O,O,O,X
6730,장애물경주난이도,D3,O,O,O,X
6718,희성이의원근법,D3,O,O,O,X
6692,다솔이의월급상자,D3,O,O,O,O
6485,삼성시의버스노선,D3,O,O,O,O
6190,정곤이의단조증가하는수,D3,O,O,O,O
6057,그래프의삼각형,D3,O,O,O,O
6019,기차사이의파리,D3,O,O,O,O
5986,새샘이와세소수,D3,O,O,O,O
5948,새샘이의7-3-5게임,D3,O,O,O,O
5789,현주의상자바꾸기,D3,O,O,O,O
5688,세제곱근을찾아라,D3,O,O,O,O
5549,홀수일까짝수일까,D3,O,O,O,O
5515,2016년요일맞추기,D3,O,O,O,O
5431,민석이의과제체크하기,D3,O,O,O,O
5356,의석이의세로로말해요,D3,O,O,O,O
5293,이진문자열복원,D3,O,O,O,O
5215,햄버거다이어트,D3,O,O,O,O
5162,두가지빵의딜레마,D3,O,O,O,O
4789,성공적인공연기획,D3,O,O,O,O
4751,다솔이의다이아몬드장식,D3,O,O,O,O
4698,테네스의특별한소수,D3,O,O,O,O
4676,늘어지는소리만들기,D3,O,O,O,O
4615,재미있는오셀로게임,D3,O,O,O,O
4579,세상의모든팰린드롬2,D3,O,O,O,O
4522,세상의모든팰린드롬,D3,O,O,O,O
4466,최대성적표만들기,D3,O,O,O,O
4406,모음이보이지않는사람,D3,O,O,O,O
4371,항구에들어오는배,D3,O,O,O,O
4299,태혁이의사랑은타이밍,D3,O,O,O,O
4047,영준이의카드카운팅,D3,O,O,O,O
3975,승률비교하기,D3,O,O,O,O
3809,화섭이의정수나열,D3,O,O,O,O
3750,Digitsum,D3,O,O,O,O
3499,퍼펙트셔플,D3,O,O,O,O
3456,직사각형길이찾기,D3,O,O,O,O
3431,준환이의운동관리,D3,O,O,O,O
3408,세가지합구하기,D3,O,O,O,O
3376,파도반수열,D3,O,O,O,O
3314,보충학습과평균,D3,O,O,O,O
3307,최장증가부분수열,D3,O,O,O,O
3304,최장공통부분수열,D3,O,O,O,O
3260,두수의덧셈,D3,O,O,O,O
3282,0/1Knapsack,D3,O,O,O,O
3233,정삼각형분할놀이,D3,O,O,O,O
3142,영준이와신비한뿔의숲,D3,O,O,O,O
3131,100만이하의모든소수,D3,O,O,O,O
3032,홍준이의숫자놀이,D3,O,O,O,O
2930,힙,D3,O,O,O,O
2948,문자열교집합,D3,O,O,O,O
2817,부분수열의합,D3,X,O,O,O
2814,최장경로,D3,X,O,O,O
2805,농작물수확하기,D3,X,O,O,O
2806,N-Queen,D3,X,O,O,O
1873,상호의배틀필드,D3,X,O,O,O
1860,진기의최고급붕어빵,D3,X,O,O,O
1493,수의새로운연산,D3,X,O,O,O
1491,원재의벽꾸미기,D3,X,O,O,O
1289,원재의메모리복구하기,D3,X,O,O,O
1244,[S/W문제해결응용]2일차-최대상금,D3,X,O,O,O
1240,[S/W문제해결응용]1일차-단순2진암호코드,D3,X,O,O,O
1234,[S/W문제해결기본]10일차-비밀번호,D3,X,O,O,O
1230,[S/W문제해결기본]8일차-암호문3,D3,X,O,O,O
1229,[S/W문제해결기본]8일차-암호문2,D3,X,O,O,O
1228,[S/W문제해결기본]8일차-암호문1,D3,X,O,O,O
1225,[S/W문제해결기본]7일차-암호생성기,D3,X,O,O,O
1221,[S/W문제해결기본]5일차-GNS,D3,X,O,O,O
1220,[S/W문제해결기본]5일차-Magnetic,D3,X,O,O,O
1217,[S/W문제해결기본]4일차-거듭제곱,D3,X,O,O,O
1216,[S/W문제해결기본]3일차-회문2,D3,X,O,O,O
1215,[S/W문제해결기본]3일차-회문1,D3,X,O,O,O
1213,[S/W문제해결기본]3일차-String,D3,X,O,O,O
1209,[S/W문제해결기본]2일차-Sum,D3,X,O,O,O
1208,[S/W문제해결기본]1일차-Flatten,D3,X,O,O,O
1206,[S/W문제해결기본]1일차-View,D3,X,O,O,O
5601,[Professional]쥬스나누기,D3,O,O,O,O
5603,[Professional]건초더미,D3,O,O,O,O
5607,[Professional]조합,D3,O,O,O,O
5642,[Professional]합,D3,O,O,O,O
8049,폭탄감식반,D4,O,O,O,X
7988,내전경기,D4,O,O,O,X
7965,퀴즈,D4,O,O,O,X
7854,최약수,D4,O,O,O,X
7829,보물왕태혁,D4,O,O,O,X
7810,승현이의질문,D4,O,O,O,X
7792,반장선출,D4,O,O,O,X
7733,치즈도둑,D4,O,O,O,X
7699,수지의수지맞는여행,D4,O,O,O,X
7701,염라대왕의이름정렬,D4,O,O,O,O
7466,팩토리얼과최대공약수,D4,O,O,O,X
7465,창용마을무리의개수,D4,O,O,O,O
7393,대규의팬덤활동,D4,O,O,O,X
7333,한솔이의택배아르바이트,D4,O,O,O,X
7338,현규의연봉계산법,D4,O,O,O,X
7194,화섭이의미생물배양,D4,O,O,O,X
7103,준홍이의네개의제곱수,D4,O,O,O,X
7088,은기의송아지세기,D4,O,O,O,X
6959,이상한나라의덧셈게임,D4,O,O,O,O
6907,단위변환기프로그램,D4,O,O,O,X
6855,신도시전기연결하기,D4,O,O,O,X
6731,홍익이의오델로게임,D4,O,O,O,X
6719,성수의프로그래밍강좌시청,D4,O,O,O,X
6109,추억의2048게임,D4,O,O,O,O
6026,성수의비밀번호공격,D4,O,O,O,O
5987,달리기,D4,O,O,O,O
5550,나는개구리로소이다,D4,O,O,O,O
5432,쇠막대기자르기,D4,O,O,O,O
5213,진수의홀수약수,D4,O,O,O,O
4796,의석이의우뚝선산,D4,O,O,O,O
4699,콩순이의가장싼팰린드롬,D4,O,O,O,O
4672,수진이의팰린드롬,D4,O,O,O,O
4613,러시아국기같은깃발,D4,O,O,O,O
4530,극한의청소작업,D4,O,O,O,O
4408,자기방으로돌아가기,D4,O,O,O,O
4366,정식이의은행업무,D4,O,O,O,O
4301,콩많이심기,D4,O,O,O,O
4261,빠른휴대전화키패드,D4,O,O,O,O
4259,제곱수의합계산하기,D4,O,O,O,O
4111,무선단속카메라,D4,O,O,O,O
4050,재관이의대량할인,D4,O,O,O,O
3812,호중이의큐브색칠,D4,O,O,O,O
3752,가능한시험점수,D4,O,O,O,O
3501,순환소수짧게표현하기,D4,O,O,O,O
3459,승자예측하기,D4,O,O,O,O
3378,스타일리쉬들여쓰기,D4,O,O,O,O
3349,최솟값으로이동하기,D4,O,O,O,O
3347,올림픽종목투표,D4,O,O,O,O
3316,동아리실관리하기,D4,O,O,O,O
3263,오름차순줄세우기,D4,O,O,O,O
3289,서로소집합,D4,O,O,O,O
3234,준환이의양팔저울,D4,O,O,O,O
3143,가장빠른문자열타이핑,D4,O,O,O,O
3124,최소스패닝트리,D4,O,O,O,O
3074,입국심사,D4,O,O,O,O
3064,BinaryIndexedTree,D4,O,O,O,O
3000,중간값구하기,D4,O,O,O,O
2983,두번이상등장하는문자열,D4,O,O,O,O
2819,격자판의숫자이어붙이기,D4,X,O,O,O
1868,파핑파핑지뢰찾기,D4,X,O,O,O
1865,동철이의일분배,D4,X,O,O,O
1861,정사각형방,D4,X,O,O,O
1824,혁진이의프로그램검증,D4,X,O,O,O
1808,지희의고장난계산기,D4,X,O,O,O
1803,ShortestPathFaster,D4,X,O,O,O
1486,장훈이의높은선반,D4,X,O,O,O
1494,사랑의카운슬러,D4,X,O,O,O
1258,[S/W문제해결응용]7일차-행렬찾기,D4,X,O,O,O
1251,[S/W문제해결응용]4일차-하나로,D4,X,O,O,O
1249,[S/W문제해결응용]4일차-보급로,D4,X,O,O,O
1238,[S/W문제해결기본]10일차-Contact,D4,X,O,O,O
1233,[S/W문제해결기본]9일차-사칙연산유효성검사,D4,X,O,O,O
1232,[S/W문제해결기본]9일차-사칙연산,D4,X,O,O,O
1231,[S/W문제해결기본]9일차-중위순회,D4,X,O,O,O
1227,[S/W문제해결기본]7일차-미로2,D4,X,O,O,O
1226,[S/W문제해결기본]7일차-미로1,D4,X,O,O,O
1224,[S/W문제해결기본]6일차-계산기3,D4,X,O,O,O
1223,[S/W문제해결기본]6일차-계산기2,D4,X,O,O,O
1222,[S/W문제해결기본]6일차-계산기1,D4,X,O,O,O
1219,[S/W문제해결기본]4일차-길찾기,D4,X,O,O,O
1218,[S/W문제해결기본]4일차-괄호짝짓기,D4,X,O,O,O
1211,[S/W문제해결기본]2일차-Ladder2,D4,X,O,O,O
1210,[S/W문제해결기본]2일차-Ladder1,D4,X,O,O,O
5604,[Professional]구간합,D4,O,O,O,O
5606,[Professional]두개의미로,D4,O,O,O,O
5608,[Professional]큐브,D4,O,O,O,O
5640,[Professional]디오판토스방정식,D4,O,O,O,O
5643,[Professional]키순서,D4,O,O,O,O
5671,[Professional]지구온난화,D4,O,O,O,O
5672,[Professional]올해의조련사,D4,O,O,O,O
5676,[Professional]Intersection,D4,O,O,O,O
5678,[Professional]팰린드롬,D4,O,O,O,O
5684,[Professional]운동,D4,O,O,O,O
8050,영양사수정,D5,O,O,O,X
7991,줄세우기,D5,O,O,O,X
7966,보석상홍준,D5,O,O,O,X
7830,마름모찾기,D5,O,O,O,X
7812,옥희의OK!부동산,D5,O,O,O,X
7793,오!나의여신님,D5,O,O,O,X
7731,복불복다트판만들기,D5,O,O,O,X
7730,나무깎는홍준,D5,O,O,O,X
7673,영이는영이시져시져!,D5,O,O,O,X
7588,직선의삽입과삭제,D5,O,O,O,O
7586,슬기의원룸인테리어,D5,O,O,O,X
7585,수상한점집,D5,O,O,O,O
7534,스택장인,D5,O,O,O,X
7508,화물을옮기는자,D5,O,O,O,O
7396,종구의딸이름짓기,D5,O,O,O,X
7258,혁진이의프로그램검증,D5,O,O,O,X
7273,정우의문자열꿈,D5,O,O,O,X
7229,동환이의케이크노나먹기,D5,O,O,O,X
7230,현호의자물쇠따기,D5,O,O,O,O
6809,에너지전송순서,D5,O,O,O,X
6782,현주가좋아하는제곱근놀이,D5,O,O,O,X
6732,현주의기차여행,D5,O,O,O,O
6697,이현이의괄호문자열,D5,O,O,O,O
6484,조합의약수의개수,D5,O,O,O,O
6191,사전순괄호문자열,D5,O,O,O,O
6111,태양이의등차삭제,D5,O,O,O,O
6058,새해축하파티,D5,O,O,O,O
5953,수의새로운비교기준,D5,O,O,O,O
5949,문자열변경하기,D5,O,O,O,O
5785,살아남는투자가는누구일까,D5,O,O,O,O
5690,혜리의숫자나누기,D5,O,O,O,O
5521,상원이의생일파티,D5,O,O,O,O
5357,터널속의기차,D5,O,O,O,O
5295,흘러라시간!딴짓하기,D5,O,O,O,O
5170,상원이의직선긋기게임,D5,O,O,O,O
4740,밍이의블록게임,D5,O,O,O,O
4701,경시대회매니저의고민,D5,O,O,O,O
4583,세븐카드섞기게임,D5,O,O,O,O
4534,트리흑백색칠,D5,O,O,O,O
4469,프로그래밍경진대회,D5,O,O,O,O
4411,덕환이의카드뽑기,D5,O,O,O,O
4112,이상한피라미드탐험,D5,O,O,O,O
3977,페르마의크리스마스정리,D5,O,O,O,O
3503,초보자를위한점프대배치하기,D5,O,O,O,O
3462,선표의축구경기예측,D5,O,O,O,O
3421,수제버거장인,D5,O,O,O,O
3433,RLE문자압축,D5,O,O,O,O
3410,동서양의경계,D5,O,O,O,O
3363,영준이의정수저장,D5,O,O,O,O
3339,N^M의모든약수의합,D5,O,O,O,O
3319,쿠키가좋아,D5,O,O,O,O
3308,최장증가부분수열(Hard),D5,O,O,O,O
3269,강한연결요소,D5,O,O,O,O
3238,이항계수구하기,D5,O,O,O,O
3135,홍준이의사전놀이,D5,X,O,O,X
1907,모래성쌓기,D5,X,O,O,O
1905,Rook의공격,D5,X,O,O,O
1889,재영이는기부천사,D5,X,O,O,O
1857,종민이의도미노,D5,X,O,O,O
2891,분수스도쿠,D5,O,O,O,O
1816,현호의자물쇠따기,D5,X,O,O,O
1814,서준이의퍼즐풀기,D5,X,O,O,O
1812,수정이의타일자르기,D5,X,O,O,O
1798,범준이의제주도여행계획,D5,X,O,O,O
1265,[S/W문제해결응용]9일차-달란트2,D5,X,O,O,O
1259,[S/W문제해결응용]7일차-금속막대,D5,X,O,O,O
1256,[S/W문제해결응용]6일차-K번째접미어,D5,X,O,O,O
1248,[S/W문제해결응용]3일차-공통조상,D5,X,O,O,O
1247,[S/W문제해결응용]3일차-최적경로,D5,X,O,O,O
1245,[S/W문제해결응용]2일차-균형점,D5,X,O,O,O
1242,[S/W문제해결응용]1일차-암호코드스캔,D5,X,O,O,O
5670,[Professional]울타리,D5,O,O,O,O
5685,[Professional]초등학생,D5,O,O,O,O
8051,유산,D6,O,O,O,X
7967,감시로봇,D6,O,O,O,X
7857,무술가태현,D6,O,O,O,X
7831,이상한나라의알파벳,D6,O,O,O,X
7832,텔레포터,D6,O,O,O,X
7815,삼인삼색,D6,O,O,O,X
7814,미식왕!기문!,D6,O,O,O,X
7794,동환이의알뜰살뜰,D6,O,O,O,O
7740,나뭇잎마을,D6,O,O,O,X
7729,돌아온사랑의카운슬러,D6,O,O,O,X
7702,Winteriscoming,D6,O,O,O,O
7674,특명!전염병을막아라!,D6,O,O,O,X
7676,이상한나라의앨리스,D6,O,O,O,X
7533,"마이프레셔스,아다만티움",D6,O,O,O,X
7511,파파라치경신,D6,O,O,O,X
7468,현무의동물원탈출,D6,O,O,O,X
7467,대환이의데이트코스,D6,O,O,O,X
7403,문섭이의기차여행,D6,O,O,O,X
7349,회의스케쥴링쿼리,D6,O,O,O,X
7197,성수의거울과빛,D6,O,O,O,X
7104,준홍마을의사이나쁜개미들,D6,O,O,O,X
7092,모두가행복한시험,D6,O,O,O,X
7091,은기의아주큰그림,D6,O,O,O,X
6960,자영이의퍼스트솔브,D6,O,O,O,O
6909,도희의고양이밥주기미션,D6,O,O,O,X
6901,보검이의막대놀이,D6,O,O,O,X
6859,격자판위의웜홀,D6,O,O,O,X
6856,범준이의폭탄물분리,D6,O,O,O,X
6810,천사의계단,D6,O,O,O,X
6783,희원이의페페산책시키기,D6,O,O,O,X
6784,대준이의미션수행,D6,O,O,O,X
6720,성수의에너지전송프로세스,D6,O,O,O,O
6722,세현이의로봇,D6,O,O,O,X
6698,호텔리어민석이의궁금증,D6,O,O,O,O
6693,수환이의궁금증,D6,O,O,O,O
6497,구간에속한최댓값과최솟값,D6,O,O,O,O
6193,준기가좋아하는숫자나열,D6,O,O,O,O
6192,자영이와두물통,D6,O,O,O,O
6110,재국이의파이프네트워크,D6,O,O,O,O
6066,두정수쌍들의합,D6,O,O,O,O
6025,아름답게나누기,D6,O,O,O,O
5991,길이가4인단순경로찾기,D6,O,O,O,O
5787,스왑과인버전,D6,O,O,O,O
5695,삼성초등학교홍선생님의가을소풍,D6,O,O,O,O
5548,태양이의캠프조합,D6,O,O,O,O
5523,밍이의정수열다듬기,D6,O,O,O,O
5436,동욱이의조판하기,D6,O,O,O,O
5360,모든섬의통신비용,D6,O,O,O,O
5302,지하철노선의유사함,D6,O,O,O,O
5299,아름다운균일수,D6,O,O,O,O
5216,다항식의계수,D6,O,O,O,O
5172,같은변을가진삼각형,D6,O,O,O,O
4804,의석이의프로그래밍문제검증하기,D6,O,O,O,O
4747,사막에서만난지니,D6,O,O,O,O
4674,재영이의팩토리얼놀이,D6,O,O,O,O
4616,점프점프!개굴이의점핑!,D6,O,O,O,O
4587,흥민이의리스트되돌리기,D6,O,O,O,O
4487,단조증가수열만들기,D6,O,O,O,O
4357,다슬이의K-도달가능,D6,O,O,O,O
4302,건물붕괴예측시스템,D6,O,O,O,O
4263,팰린드롬단어조합,D6,O,O,O,O
4116,팰린드롬경로찾기,D6,O,O,O,O
4053,전국민건강프로젝트,D6,O,O,O,O
3968,범준이의돌옮기기,D6,O,O,O,O
3805,온전한구획의공장가동하기,D6,O,O,O,O
3803,혜정이의색칠공부,D6,O,O,O,O
3754,태혁이의색연필놀이,D6,O,O,O,O
3398,재성이의비료주기,D6,O,O,O,O
3367,갤럭시S9공정개발,D6,O,O,O,O
3311,K보다큰부분수열,D6,O,O,O,O
3259,더복잡해진팀정하기,D6,O,O,O,O
3258,트리와K번째수,D6,O,O,O,O
3244,균형잡힌경로,D6,O,O,O,O
2987,람세스정원,D6,O,O,O,O
1914,삼성마을의마라톤경주,D6,X,O,O,O
3026,긴자리곱셈,D6,O,O,O,O
1911,닌자주식회사,D6,X,O,O,O
1910,종민이햄버거공장,D6,X,O,O,O
1908,빌라봉이야기,D6,X,O,O,O
1906,도시공원정비,D6,X,O,O,O
1858,모범택시드라이버,D6,X,O,O,O
1855,영준이의진짜BFS,D6,X,O,O,O
1853,놀부사장의월급감축,D6,X,O,O,O
1852,왕의자리찾기,D6,X,O,O,O
2862,꼬마자동차로봇,D6,X,O,O,O
1849,영준이의무게측정,D6,X,O,O,O
1843,영준이의숫자고르기,D6,X,O,O,O
1795,인수의생일파티,D6,X,O,O,O
1794,우주신의NRooks,D6,X,O,O,O
1268,[S/W문제해결응용]10일차-최종평가,D6,X,O,O,O
1267,[S/W문제해결응용]10일차-작업순서,D6,X,O,O,O
1266,[S/W문제해결응용]9일차-소수완제품확률,D6,X,O,O,O
1264,[S/W문제해결응용]8일차-이미지유사도검사,D6,X,O,O,O
1263,[S/W문제해결응용]8일차-사람네트워크2,D6,X,O,O,O
1260,[S/W문제해결응용]7일차-화학물질2,D6,X,O,O,O
1257,[S/W문제해결응용]6일차-K번째문자열,D6,X,O,O,O
1252,[S/W문제해결응용]5일차-단순도금비용,D6,X,O,O,O
5618,[Professional]사진,D6,O,O,O,O
5661,[Professional]지하감옥,D6,O,O,O,O
5682,[Professional]면적,D6,O,O,O,O
5686,[Professional]게임,D6,O,O,O,O
7993,블록놀이,D7,O,O,O,X
7859,업무분담,D7,O,O,O,X
7796,승목이의상현이피하기,D7,O,O,O,X
7741,지뢰만들기,D7,O,O,O,X
7700,복사꽃마을의준성댁,D7,O,O,O,X
7536,카드술래잡기,D7,O,O,O,X
7509,최소비용경로쿼리,D7,O,O,O,O
7400,옥희의pawn게임,D7,O,O,O,X
7335,현주나라의도로삭제,D7,O,O,O,X
7259,준홍이의도형맞추기,D7,O,O,O,X
7233,미로속보석줍기,D7,O,O,O,X
7195,팔레트위의물감,D7,O,O,O,X
7105,유사외판원문제,D7,O,O,O,X
6961,사다리게임,D7,O,O,O,X
6811,경찰과도둑우주대회,D7,O,O,O,X
6742,넓이를만족하는삼각형들,D7,O,O,O,X
6486,원소합들의XOR연산,D7,O,O,O,O
6114,주현이의도시영향력구하기,D7,O,O,O,O
6068,한길이의물채우기,D7,O,O,O,O
6020,설희의양궁연습,D7,O,O,O,O
5994,희인이의트라이나누기,D7,O,O,O,O
5954,지루하지않은수열,D7,O,O,O,O
5791,현규의비율맞추기,D7,O,O,O,O
5697,상원이의최소비용이분검색,D7,O,O,O,O
5551,영은이의공모으기,D7,O,O,O,O
5517,은비의스케이팅게임,D7,O,O,O,O
5439,마트료시카인형,D7,O,O,O,O
5363,부분수열의힘,D7,O,O,O,O
5222,진수의안전지대,D7,O,O,O,O
5164,상원이의퍼즐게임,D7,O,O,O,O
4792,민기의자전거조립,D7,O,O,O,O
4753,호둥이의단어찾기,D7,O,O,O,O
4702,밍이의트리번호붙이기,D7,O,O,O,O
4677,직교직선게임,D7,O,O,O,O
4626,같은접미사배열찾기,D7,O,O,O,O
4581,문자열재구성프로젝트,D7,O,O,O,O
4524,최대공약수계산기만들기,D7,O,O,O,O
4475,반도체품질검사,D7,O,O,O,O
4412,팰린드롬적동등,D7,O,O,O,O
4361,마법의주문,D7,O,O,O,O
4303,재성이의식신로드,D7,O,O,O,O
4264,선표의최단시간여행하기,D7,O,O,O,O
4118,트리의개수구하기,D7,O,O,O,O
4064,창용이의멋진수열,D7,O,O,O,O
3972,삼성초등학교조별활동,D7,O,O,O,O
3756,만준이의패킷분석,D7,O,O,O,O
3506,용성이와지옥의시험,D7,O,O,O,O
3465,다슬이의연봉인상,D7,O,O,O,O
3427,재관이의앞끝말잇기놀이,D7,O,O,O,O
3402,J번째숫자찾기,D7,O,O,O,O
3341,영준이의항등함수,D7,O,O,O,O
3321,라이브공연기획,D7,O,O,O,O
3266,동한이의수열복원,D7,O,O,O,O
3145,동현이의방나누기,D7,O,O,O,O
3146,소설가의파일합치기,D7,O,O,O,O
3066,팀정하기,D7,O,O,X,X
3082,화면보호기,D7,O,O,O,O
3083,정욱이의순열복원,D7,O,O,O,O
1913,고대의석판해석하기,D7,X,O,O,O
1912,경찰과도둑세계대회,D7,X,O,O,O
1909,삼성왕국의무도회,D7,X,O,O,O
1253,[S/W문제해결응용]5일차-도금비용,D7,X,O,O,O
4014,[모의SW역량테스트]활주로,건설,O,O,O,O
1953,[모의SW역량테스트]탈주범,검거,O,O,O,O
5650,[모의SW역량테스트]핀볼,게임,O,O,O,O
2382,[모의SW역량테스트]미생물,격리,O,O,O,O
5656,[모의SW역량테스트]벽돌,깨기,O,O,O,O
번호,제목,난이도,C,C++,Java,Python
4253,,단축,O,O,O,O
4254,가장큰수,만들기,O,O,O,O
4008,[모의SW역량테스트]숫자,만들기,O,O,O,O
1770,[SWTest샘플문제]블록부품,맞추기,X,O,X,X
2115,[모의SW역량테스트],벌꿀채취,X,O,O,O
5658,[모의SW역량테스트]보물상자,비밀번호,O,O,O,O
4317,[연습문제]칩,생산,O,O,O,O
2117,[모의SW역량테스트]홈방범,서비스,O,O,O,O
4248,유사증가,수열,O,O,O,O
1952,[모의SW역량테스트],수영장,O,O,O,O
1768,[SWTest샘플문제],숫자야구게임,X,O,O,X
4311,[연습문제]오래된,스마트폰,O,O,O,O
5648,[모의SW역량테스트]원자소멸,시뮬레이션,O,O,O,O
2383,[모의SW역량테스트]점심,식사시간,O,O,O,O
4340,[연습문제]파이프,연결,O,O,O,O
1767,[SWTest샘플문제]프로세서,연결하기,X,O,O,O
4012,[모의SW역량테스트],요리사,O,O,O,O
4013,[모의SW역량테스트]특이한,자석,O,O,O,O
2477,[모의SW역량테스트]차량,정비소,O,O,O,O
1949,[모의SW역량테스트]등산로,조성,O,O,O,O
5653,[모의SW역량테스트],줄기세포배양,O,O,O,O
4322,[연습문제]패킷,처리,O,O,O,O
5644,[모의SW역량테스트]무선,충전,O,O,O,O
2105,[모의SW역량테스트]디저트,카페,O,O,O,O
4335,[연습문제]무인도,탈출,O,O,O,O
2112,[모의SW역량테스트]보호,필름,O,O,O,O
